{"cameraMode":{"drawMode":0,"name":"Shaded","section":"Shading Mode"},"sceneLighting":false,"audioPlay":false,"sceneViewState":{"showFog":true,"showMaterialUpdate":false,"showSkybox":false,"showFlares":true,"showImageEffects":true,"showParticleSystems":true},"in2DMode":false,"pivot":{"x":-0.010518670082092286,"y":0.0,"z":-0.031555891036987308},"rotation":{"x":0.038021497428417209,"y":-0.9590270519256592,"z":0.15614034235477448,"w":0.23346461355686189},"size":4.260823726654053,"orthographic":false}