{"cameraMode":{"drawMode":0,"name":"Shaded","section":"Shading Mode"},"sceneLighting":true,"audioPlay":false,"sceneViewState":{"showFog":true,"showMaterialUpdate":false,"showSkybox":false,"showFlares":true,"showImageEffects":true,"showParticleSystems":true},"in2DMode":false,"pivot":{"x":2.0811972618103029,"y":10.564334869384766,"z":29.226608276367189},"rotation":{"x":0.013887414708733559,"y":-0.9491007924079895,"z":0.3120981454849243,"w":0.042163681238889697},"size":8.458562850952149,"orthographic":false}