{"cameraMode":{"drawMode":0,"name":"Shaded","section":"Shading Mode"},"sceneLighting":true,"audioPlay":false,"sceneViewState":{"showFog":true,"showMaterialUpdate":false,"showSkybox":false,"showFlares":true,"showImageEffects":true,"showParticleSystems":true},"in2DMode":false,"pivot":{"x":1.3454819917678834,"y":5.217489719390869,"z":17.046249389648439},"rotation":{"x":0.0005045119905844331,"y":0.9933743476867676,"z":-0.11554782092571259,"w":0.004174571949988604},"size":8.058015823364258,"orthographic":false}