{"cameraMode":{"drawMode":0,"name":"Shaded","section":"Shading Mode"},"sceneLighting":true,"audioPlay":false,"sceneViewState":{"showFog":true,"showMaterialUpdate":false,"showSkybox":false,"showFlares":true,"showImageEffects":true,"showParticleSystems":true},"in2DMode":false,"pivot":{"x":2.403538465499878,"y":9.63921070098877,"z":29.997386932373048},"rotation":{"x":0.008910235948860646,"y":-0.9248479604721069,"z":0.37983644008636477,"w":0.021639928221702577},"size":8.458562850952149,"orthographic":false}