{"cameraMode":{"drawMode":0,"name":"Shaded","section":"Shading Mode"},"sceneLighting":true,"audioPlay":false,"sceneViewState":{"showFog":true,"showMaterialUpdate":false,"showSkybox":false,"showFlares":true,"showImageEffects":true,"showParticleSystems":true},"in2DMode":false,"pivot":{"x":2.3053715229034426,"y":10.564324378967286,"z":29.21034049987793},"rotation":{"x":0.008743264712393284,"y":-0.9496685266494751,"z":0.3122848570346832,"w":0.026495996862649919},"size":8.458562850952149,"orthographic":false}