{"cameraMode":{"drawMode":0,"name":"Shaded","section":"Shading Mode"},"sceneLighting":true,"audioPlay":false,"sceneViewState":{"showFog":true,"showMaterialUpdate":false,"showSkybox":false,"showFlares":true,"showImageEffects":true,"showParticleSystems":true},"in2DMode":false,"pivot":{"x":1.870369553565979,"y":1.1078059673309327,"z":26.150772094726564},"rotation":{"x":0.027745846658945085,"y":-0.9253575801849365,"z":0.37195831537246706,"w":0.06896843761205673},"size":8.458562850952149,"orthographic":false}